Age,Interest,Career
47,Science,Entrepreneur
48,Aviation,Architect
35,Sports,Entrepreneur
21,Mathematics,Social Worker
48,Cooking,Robotics Engineer
49,Robotics,Electrical Engineer
27,Art,Cybersecurity Specialist
28,Business,Pilot
24,Science,Game Developer
29,Technology,Scientist
38,Sports,Civil Engineer
45,Aviation,Robotics Engineer
30,Teaching,Musician
38,Cooking,Mechanical Engineer
52,Robotics,Graphic Designer
57,Travel,Social Worker
52,Mathematics,AI Engineer
54,Teaching,Journalist
49,Mathematics,Marketing Manager
18,Business,Electrical Engineer
33,Teaching,Social Worker
46,Medicine,Mechanical Engineer
52,Aviation,Teacher
44,Travel,Accountant
50,Art,Social Worker
37,Law,Civil Engineer
18,Law,Nurse
55,Law,Scientist
22,Sports,Robotics Engineer
56,Technology,Mathematician
36,Business,Biologist
60,Gaming,Photographer
54,Cooking,Astronomer
48,Science,Pharmacist
21,Mathematics,Cybersecurity Specialist
31,Gaming,Journalist
27,Aviation,Actor
18,Mathematics,Graphic Designer
38,Robotics,Graphic Designer
22,Cooking,Accountant
28,Teaching,Doctor
43,Music,Mathematician
52,Mathematics,AI Engineer
43,Music,Journalist
29,Mathematics,AI Engineer
21,Aviation,Lawyer
29,Gaming,Actor
35,Medicine,Nurse
60,Technology,Astronomer
28,Science,Mechanical Engineer
33,Aviation,Data Scientist
43,Gaming,Graphic Designer
41,Science,Entrepreneur
55,Travel,Mechanical Engineer
51,Cooking,Pilot
51,Photography,Economist
36,Science,Lawyer
52,Aviation,Lawyer
38,Teaching,Entrepreneur
40,Aviation,Economist
59,Teaching,Entrepreneur
46,Construction,AI Engineer
45,Construction,Accountant
24,Construction,Pilot
25,Gaming,Chef
52,Law,Astronomer
22,Aviation,Teacher
51,Technology,AI Engineer
49,Technology,Teacher
54,Science,Data Scientist
44,Mathematics,Pharmacist
43,Robotics,Architect
42,Science,Musician
58,Cooking,Astronomer
36,Photography,Doctor
48,Mathematics,Chef
56,Cooking,Photographer
41,Art,Mechanical Engineer
23,Music,Entrepreneur
32,Construction,Software Engineer
33,Aviation,Economist
30,Mathematics,Mathematician
27,Art,Nurse
58,Robotics,Mathematician
28,Art,Scientist
55,Mathematics,Game Developer
39,Sports,Software Engineer
35,Teaching,Photographer
20,Science,Biologist
58,Photography,Mechanical Engineer
23,Mathematics,Architect
26,Law,Entrepreneur
53,Law,Lawyer
48,Travel,Chef
55,Construction,Astronomer
25,Construction,Game Developer
30,Business,AI Engineer
22,Travel,Photographer
23,Music,Photographer
53,Aviation,Doctor
23,Sports,Mechanical Engineer
18,Teaching,Photographer
26,Photography,Game Developer
37,Cooking,Game Developer
22,Travel,Musician
56,Law,Accountant
28,Technology,Architect
19,Mathematics,Robotics Engineer
34,Medicine,Chef
47,Mathematics,Biologist
30,Medicine,Robotics Engineer
27,Law,Pilot
33,Law,Robotics Engineer
20,Law,Musician
38,Mathematics,Mechanical Engineer
53,Mathematics,Cybersecurity Specialist
20,Technology,AI Engineer
29,Business,Robotics Engineer
28,Aviation,Graphic Designer
58,Law,Scientist
44,Teaching,AI Engineer
39,Law,AI Engineer
41,Teaching,Software Engineer
22,Sports,Game Developer
60,Gaming,Journalist
45,Teaching,Accountant
40,Cooking,Photographer
53,Travel,Actor
55,Photography,Doctor
43,Travel,Nurse
56,Music,AI Engineer
37,Mathematics,Cybersecurity Specialist
40,Gaming,Astronomer
54,Cooking,Entrepreneur
23,Mathematics,Electrical Engineer
23,Science,Civil Engineer
29,Medicine,Mechanical Engineer
36,Gaming,Pharmacist
41,Technology,Chef
47,Technology,Robotics Engineer
20,Teaching,Data Scientist
56,Gaming,Pharmacist
23,Business,Musician
23,Technology,Game Developer
35,Cooking,Cybersecurity Specialist
41,Travel,Cybersecurity Specialist
60,Gaming,Lawyer
29,Teaching,Doctor
37,Construction,Entrepreneur
55,Medicine,Graphic Designer
37,Gaming,AI Engineer
58,Sports,Pharmacist
29,Technology,Entrepreneur
22,Robotics,Musician
59,Art,Nurse
45,Sports,Musician
35,Aviation,Software Engineer
23,Travel,Biologist
39,Science,Accountant
29,Construction,Mathematician
47,Mathematics,Journalist
28,Robotics,Actor
27,Medicine,Game Developer
29,Robotics,Mathematician
20,Gaming,Actor
22,Teaching,Actor
42,Cooking,Economist
50,Construction,Software Engineer
19,Photography,AI Engineer
18,Travel,Astronomer
46,Teaching,Scientist
34,Aviation,Doctor
60,Robotics,Biologist
50,Law,Chef
23,Cooking,Doctor
39,Aviation,Electrical Engineer
43,Medicine,Journalist
46,Teaching,Musician
32,Photography,Mathematician
49,Sports,Data Scientist
18,Photography,Journalist
24,Robotics,Game Developer
55,Law,Scientist
59,Aviation,Actor
50,Mathematics,Musician
53,Construction,Photographer
40,Law,Electrical Engineer
46,Construction,Mathematician
37,Medicine,Game Developer
19,Teaching,Graphic Designer
56,Mathematics,Actor
22,Music,Data Scientist
38,Business,Entrepreneur
35,Cooking,Accountant
33,Mathematics,Game Developer
22,Law,Game Developer
41,Mathematics,Cybersecurity Specialist
27,Photography,Robotics Engineer
43,Art,Musician
60,Construction,Electrical Engineer
20,Cooking,Electrical Engineer
29,Mathematics,Architect
32,Travel,AI Engineer
57,Teaching,Cybersecurity Specialist
18,Law,Mechanical Engineer
20,Medicine,Biologist
52,Medicine,Civil Engineer
30,Art,Mathematician
36,Robotics,Cybersecurity Specialist
47,Music,Journalist
49,Gaming,Mathematician
41,Construction,Astronomer
51,Photography,AI Engineer
24,Gaming,Entrepreneur
42,Mathematics,Nurse
49,Gaming,Robotics Engineer
18,Robotics,Scientist
60,Aviation,Civil Engineer
38,Sports,Pilot
21,Technology,Economist
58,Law,Musician
23,Photography,Civil Engineer
29,Mathematics,Teacher
22,Art,Civil Engineer
57,Medicine,Social Worker
43,Business,Accountant
54,Music,Accountant
54,Technology,Mathematician
40,Photography,Pharmacist
59,Business,Software Engineer
23,Medicine,Photographer
19,Mathematics,Software Engineer
32,Robotics,Graphic Designer
20,Travel,Doctor
38,Cooking,Civil Engineer
45,Law,Architect
42,Construction,Architect
38,Science,Chef
42,Cooking,Software Engineer
22,Music,Mechanical Engineer
25,Medicine,Chef
59,Travel,Entrepreneur
20,Mathematics,Lawyer
22,Robotics,Biologist
49,Teaching,Teacher
32,Sports,Game Developer
59,Aviation,Teacher
45,Cooking,Cybersecurity Specialist
51,Medicine,Astronomer
43,Science,Accountant
31,Music,Electrical Engineer
44,Music,Chef
23,Construction,Software Engineer
51,Teaching,Graphic Designer
45,Law,Data Scientist
48,Medicine,Lawyer
26,Sports,Robotics Engineer
52,Medicine,Game Developer
51,Aviation,Musician
52,Gaming,Biologist
49,Technology,Pharmacist
50,Photography,Actor
35,Medicine,Pilot
21,Sports,Accountant
39,Business,Software Engineer
38,Mathematics,Electrical Engineer
51,Law,Data Scientist
29,Art,Accountant
38,Cooking,AI Engineer
34,Robotics,Accountant
21,Medicine,Civil Engineer
55,Cooking,Pilot
44,Photography,Economist
33,Science,Pharmacist
42,Travel,Pilot
48,Travel,Chef
39,Sports,Social Worker
47,Science,Architect
50,Photography,Chef
26,Travel,Marketing Manager
42,Photography,Biologist
57,Mathematics,Mathematician
38,Business,Architect
42,Art,Robotics Engineer
56,Science,Chef
24,Aviation,Teacher
52,Teaching,AI Engineer
42,Teaching,Biologist
35,Cooking,Entrepreneur
54,Music,Photographer
50,Aviation,Mechanical Engineer
56,Travel,Civil Engineer
32,Art,Chef
52,Robotics,Teacher
56,Construction,Economist
26,Teaching,Doctor
22,Teaching,Robotics Engineer
44,Robotics,Software Engineer
53,Sports,AI Engineer
22,Art,Cybersecurity Specialist
25,Aviation,Entrepreneur
59,Aviation,Lawyer
19,Travel,Economist
26,Teaching,Architect
24,Travel,Data Scientist
54,Robotics,Civil Engineer
43,Gaming,Biologist
23,Business,Software Engineer
56,Gaming,Pharmacist
44,Business,Teacher
38,Robotics,Doctor
26,Music,Mathematician
44,Cooking,Game Developer
45,Robotics,Astronomer
40,Travel,Doctor
55,Business,Mathematician
52,Law,Teacher
41,Art,Mathematician
55,Travel,Nurse
26,Mathematics,Mechanical Engineer
50,Photography,Cybersecurity Specialist
44,Robotics,Data Scientist
52,Teaching,Accountant
46,Cooking,Civil Engineer
55,Music,AI Engineer
24,Science,Graphic Designer
34,Music,Teacher
53,Medicine,Social Worker
33,Photography,Biologist
59,Art,Scientist
49,Business,Nurse
52,Sports,Graphic Designer
25,Aviation,Pharmacist
25,Travel,Lawyer
45,Travel,Graphic Designer
40,Robotics,Pharmacist
19,Gaming,Cybersecurity Specialist
46,Technology,Electrical Engineer
56,Robotics,Economist
35,Medicine,Electrical Engineer
47,Construction,Robotics Engineer
35,Music,Game Developer
18,Technology,Entrepreneur
19,Science,Astronomer
42,Business,Musician
56,Technology,Software Engineer
29,Medicine,Astronomer
31,Construction,Actor
49,Medicine,Teacher
56,Travel,Data Scientist
42,Teaching,Scientist
59,Medicine,Musician
52,Gaming,Civil Engineer
24,Art,AI Engineer
37,Technology,Musician
28,Art,Journalist
35,Sports,Economist
38,Business,Actor
42,Robotics,Entrepreneur
28,Art,Photographer
43,Music,Cybersecurity Specialist
32,Art,AI Engineer
60,Science,Scientist
29,Mathematics,Nurse
38,Cooking,Entrepreneur
22,Music,Robotics Engineer
36,Construction,Doctor
54,Travel,AI Engineer
60,Sports,Pilot
23,Music,Doctor
46,Business,Photographer
44,Law,Graphic Designer
23,Law,Teacher
24,Mathematics,Mechanical Engineer
28,Technology,Teacher
51,Medicine,Lawyer
60,Mathematics,Nurse
39,Aviation,Cybersecurity Specialist
50,Medicine,Scientist
32,Cooking,Pharmacist
30,Teaching,Doctor
51,Business,Chef
32,Cooking,Doctor
24,Aviation,Accountant
48,Robotics,AI Engineer
43,Photography,Pharmacist
52,Photography,Social Worker
28,Teaching,Astronomer
38,Cooking,Doctor
46,Science,Actor
36,Teaching,Mathematician
35,Gaming,Journalist
21,Travel,Biologist
54,Technology,Teacher
43,Law,Social Worker
48,Travel,Social Worker
23,Gaming,Mechanical Engineer
26,Gaming,Game Developer
36,Construction,Data Scientist
52,Cooking,Game Developer
53,Science,Teacher
57,Science,Game Developer
49,Robotics,Data Scientist
22,Robotics,Journalist
50,Science,Cybersecurity Specialist
42,Cooking,Game Developer
18,Mathematics,Lawyer
40,Mathematics,Astronomer
44,Mathematics,Pilot
38,Construction,Teacher
24,Sports,Marketing Manager
25,Sports,Mechanical Engineer
60,Gaming,Biologist
20,Robotics,Chef
23,Teaching,Architect
54,Construction,Actor
57,Art,Chef
19,Science,Robotics Engineer
50,Gaming,Electrical Engineer
45,Technology,Pilot
55,Travel,Lawyer
58,Cooking,Biologist
27,Teaching,Graphic Designer
36,Science,Robotics Engineer
29,Aviation,Pilot
51,Art,Pilot
54,Technology,Chef
39,Travel,Photographer
30,Gaming,Actor
59,Technology,Actor
49,Robotics,Mathematician
52,Law,Musician
47,Technology,Nurse
48,Construction,Journalist
31,Mathematics,Graphic Designer
40,Medicine,Data Scientist
34,Gaming,Nurse
47,Aviation,Game Developer
20,Music,Scientist
50,Travel,Social Worker
38,Construction,Robotics Engineer
25,Aviation,Lawyer
38,Art,Astronomer
60,Gaming,Civil Engineer
45,Photography,AI Engineer
37,Music,Data Scientist
30,Gaming,Data Scientist
50,Mathematics,Nurse
33,Art,Cybersecurity Specialist
56,Travel,Chef
58,Aviation,Game Developer
55,Photography,Nurse
21,Teaching,Cybersecurity Specialist
22,Music,Pharmacist
46,Construction,Doctor
38,Robotics,Marketing Manager
48,Law,Doctor
36,Robotics,Pilot
34,Technology,Actor
18,Medicine,Lawyer
43,Law,Lawyer
33,Robotics,Nurse
25,Teaching,Pilot
36,Robotics,Marketing Manager
50,Robotics,Musician
25,Music,Pilot
46,Aviation,Lawyer
31,Construction,Accountant
49,Art,Architect
22,Business,Social Worker
23,Science,Accountant
20,Aviation,Doctor
56,Law,Photographer
43,Travel,Pilot
55,Robotics,Musician
52,Law,Data Scientist
31,Sports,Robotics Engineer
27,Aviation,Chef
18,Gaming,Graphic Designer
57,Science,Lawyer
43,Robotics,Photographer
21,Robotics,Chef
55,Sports,Scientist
46,Science,Mechanical Engineer
58,Photography,Biologist
51,Sports,Entrepreneur
60,Aviation,Architect
25,Mathematics,Astronomer
37,Medicine,Social Worker
18,Travel,Pilot
29,Sports,Marketing Manager
44,Mathematics,Scientist
32,Science,Musician
58,Construction,Pilot
56,Gaming,Chef
31,Travel,Entrepreneur
40,Gaming,Game Developer
26,Technology,Marketing Manager
44,Aviation,Entrepreneur
48,Construction,Pharmacist
57,Teaching,Actor
18,Gaming,Electrical Engineer
57,Technology,Photographer
20,Travel,Doctor
20,Medicine,Journalist
56,Construction,Actor
39,Art,Nurse
49,Music,Pharmacist
19,Art,Graphic Designer
54,Technology,Marketing Manager
33,Law,Architect
59,Law,Data Scientist
57,Mathematics,Robotics Engineer
22,Sports,Biologist
22,Teaching,Doctor
22,Business,Lawyer
24,Gaming,Cybersecurity Specialist
40,Robotics,Lawyer
59,Aviation,Actor
54,Law,Marketing Manager
42,Robotics,Electrical Engineer
48,Law,Electrical Engineer
43,Art,Entrepreneur
34,Sports,Chef
42,Medicine,Doctor
58,Photography,Teacher
57,Medicine,Social Worker
22,Sports,Marketing Manager
55,Mathematics,Cybersecurity Specialist
39,Law,Architect
18,Science,Electrical Engineer
18,Aviation,Mathematician
49,Teaching,Actor
22,Gaming,Mechanical Engineer
22,Gaming,Photographer
45,Cooking,Mechanical Engineer
35,Travel,Software Engineer
43,Travel,Game Developer
37,Law,Mechanical Engineer
53,Photography,Civil Engineer
26,Technology,Teacher
20,Teaching,Journalist
29,Science,Scientist
34,Teaching,Actor
50,Medicine,Nurse
55,Mathematics,Doctor
41,Robotics,Musician
27,Robotics,Economist
34,Sports,Musician
21,Gaming,Game Developer
50,Gaming,Chef
37,Medicine,Civil Engineer
29,Sports,Musician
44,Music,Biologist
34,Construction,Data Scientist
42,Gaming,Electrical Engineer
38,Travel,Entrepreneur
40,Aviation,Electrical Engineer
44,Robotics,Nurse
59,Law,Economist
36,Business,AI Engineer
43,Medicine,AI Engineer
47,Teaching,Data Scientist
53,Robotics,Journalist
41,Cooking,Civil Engineer
23,Law,Chef
60,Teaching,Economist
24,Robotics,AI Engineer
43,Music,Pilot
38,Music,Cybersecurity Specialist
27,Technology,Doctor
28,Technology,Robotics Engineer
45,Aviation,Data Scientist
50,Technology,Electrical Engineer
27,Medicine,Doctor
60,Travel,Photographer
40,Gaming,AI Engineer
22,Photography,Data Scientist
19,Mathematics,Nurse
52,Gaming,Robotics Engineer
56,Mathematics,Accountant
48,Aviation,Mathematician
38,Mathematics,Lawyer
47,Sports,Musician
22,Music,Musician
43,Science,Robotics Engineer
57,Science,Marketing Manager
40,Science,Mathematician
35,Construction,Biologist
42,Science,Entrepreneur
48,Science,Musician
23,Science,Software Engineer
22,Music,Pilot
23,Aviation,Teacher
30,Art,Graphic Designer
55,Gaming,Civil Engineer
43,Art,Teacher
19,Robotics,Pilot
24,Construction,Mechanical Engineer
20,Art,Graphic Designer
59,Medicine,Teacher
24,Law,Data Scientist
28,Robotics,Lawyer
40,Mathematics,Game Developer
50,Art,Mathematician
38,Mathematics,Cybersecurity Specialist
60,Travel,Journalist
52,Construction,Entrepreneur
49,Aviation,Musician
32,Law,Musician
36,Cooking,Mechanical Engineer
42,Technology,Biologist
30,Robotics,Economist
29,Technology,Electrical Engineer
38,Law,Robotics Engineer
53,Technology,AI Engineer
28,Gaming,Scientist
51,Law,Graphic Designer
52,Sports,Architect
50,Travel,Journalist
38,Music,Journalist
57,Gaming,Biologist
31,Law,Astronomer
51,Law,Robotics Engineer
37,Cooking,Electrical Engineer
30,Technology,Pharmacist
52,Teaching,Pharmacist
46,Mathematics,Teacher
39,Aviation,Biologist
21,Teaching,Teacher
44,Technology,Accountant
53,Sports,Marketing Manager
51,Robotics,Pharmacist
52,Law,Social Worker
55,Travel,Astronomer
49,Sports,Biologist
52,Gaming,Astronomer
56,Aviation,Journalist
45,Sports,Mechanical Engineer
42,Medicine,Mechanical Engineer
21,Business,Pharmacist
25,Mathematics,Civil Engineer
50,Technology,Architect
29,Cooking,Chef
40,Medicine,Architect
50,Gaming,Economist
57,Technology,Actor
23,Business,Robotics Engineer
37,Construction,Data Scientist
57,Aviation,Electrical Engineer
47,Art,Marketing Manager
29,Sports,Software Engineer
41,Aviation,Journalist
25,Construction,Photographer
45,Aviation,Social Worker
60,Travel,Civil Engineer
29,Gaming,Graphic Designer
21,Business,Lawyer
48,Technology,Data Scientist
23,Technology,Nurse
46,Medicine,Scientist
30,Gaming,Social Worker
58,Sports,Marketing Manager
25,Robotics,Economist
57,Art,Actor
44,Medicine,Photographer
29,Medicine,Actor
19,Medicine,Lawyer
18,Law,Teacher
28,Robotics,Electrical Engineer
37,Gaming,Actor
41,Art,Architect
45,Photography,Teacher
28,Science,Mechanical Engineer
51,Travel,Mechanical Engineer
58,Sports,Pharmacist
30,Cooking,Photographer
50,Gaming,Economist
26,Science,Data Scientist
19,Teaching,Architect
40,Law,Civil Engineer
26,Business,Mechanical Engineer
40,Travel,Chef
19,Gaming,Game Developer
35,Art,Software Engineer
33,Construction,Biologist
21,Cooking,Robotics Engineer
27,Sports,Social Worker
37,Gaming,AI Engineer
54,Cooking,Pilot
58,Teaching,Biologist
59,Travel,Doctor
22,Business,Astronomer
54,Construction,Doctor
46,Cooking,Doctor
30,Travel,Biologist
23,Sports,Lawyer
49,Travel,Astronomer
31,Science,Game Developer
43,Teaching,Doctor
28,Mathematics,Architect
26,Construction,Biologist
30,Robotics,Musician
53,Science,Entrepreneur
60,Art,Mathematician
40,Music,Electrical Engineer
52,Photography,Game Developer
30,Travel,Pilot
31,Gaming,Musician
54,Art,Civil Engineer
39,Business,Scientist
27,Technology,Teacher
41,Sports,Astronomer
41,Art,Cybersecurity Specialist
57,Science,Software Engineer
34,Technology,Journalist
60,Technology,Architect
37,Law,Biologist
41,Science,Robotics Engineer
32,Teaching,Mechanical Engineer
41,Construction,Pharmacist
53,Teaching,Teacher
56,Mathematics,Software Engineer
52,Technology,Accountant
33,Photography,Actor
54,Cooking,Doctor
52,Robotics,Architect
32,Photography,Chef
45,Music,Chef
52,Technology,Electrical Engineer
22,Law,Pilot
39,Business,Musician
44,Medicine,Game Developer
21,Robotics,Social Worker
58,Gaming,Mathematician
31,Technology,AI Engineer
57,Robotics,Social Worker
32,Cooking,Mathematician
34,Cooking,AI Engineer
48,Business,Scientist
59,Gaming,Entrepreneur
26,Travel,Astronomer
50,Medicine,Accountant
24,Art,Teacher
41,Gaming,Musician
36,Cooking,Robotics Engineer
58,Business,Lawyer
56,Science,Biologist
31,Law,Electrical Engineer
49,Photography,Cybersecurity Specialist
46,Robotics,Data Scientist
53,Photography,Mechanical Engineer
37,Robotics,Graphic Designer
43,Medicine,Civil Engineer
42,Mathematics,Robotics Engineer
20,Cooking,Data Scientist
50,Law,Game Developer
58,Science,Entrepreneur
52,Business,Architect
52,Teaching,Economist
21,Travel,Biologist
26,Technology,Graphic Designer
23,Construction,Journalist
40,Mathematics,AI Engineer
38,Cooking,Accountant
42,Sports,Economist
26,Teaching,Pharmacist
22,Sports,Actor
33,Law,Economist
58,Business,Marketing Manager
58,Art,Doctor
59,Music,Software Engineer
38,Business,Pharmacist
51,Teaching,Game Developer
41,Robotics,Civil Engineer
25,Law,Civil Engineer
40,Aviation,Mechanical Engineer
38,Art,Nurse
22,Sports,Biologist
29,Medicine,Social Worker
38,Cooking,Musician
59,Gaming,Photographer
33,Travel,Mathematician
34,Construction,Cybersecurity Specialist
20,Medicine,Doctor
50,Business,Musician
51,Photography,Software Engineer
33,Travel,Pilot
28,Technology,Mathematician
39,Science,Actor
53,Sports,Graphic Designer
18,Cooking,Game Developer
23,Robotics,Architect
28,Mathematics,Chef
21,Art,Economist
48,Business,Journalist
59,Photography,Mathematician
53,Gaming,Journalist
33,Gaming,Pilot
30,Law,Mechanical Engineer
54,Music,Entrepreneur
32,Cooking,Astronomer
37,Teaching,Software Engineer
37,Science,Lawyer
43,Mathematics,Electrical Engineer
31,Teaching,Robotics Engineer
22,Gaming,Musician
22,Construction,Accountant
34,Technology,Graphic Designer
25,Sports,Doctor
33,Construction,Robotics Engineer
27,Photography,Data Scientist
56,Sports,Data Scientist
49,Technology,Journalist
51,Aviation,Robotics Engineer
42,Science,Data Scientist
19,Business,Actor
23,Robotics,Doctor
45,Art,Scientist
56,Sports,Accountant
58,Sports,Game Developer
44,Sports,Software Engineer
18,Robotics,Mathematician
59,Construction,Nurse
60,Aviation,Civil Engineer
58,Cooking,Architect
39,Sports,Game Developer
47,Music,Marketing Manager
38,Law,Lawyer
50,Aviation,Doctor
44,Sports,Game Developer
27,Aviation,Photographer
48,Art,Doctor
41,Art,Software Engineer
48,Aviation,Accountant
27,Law,Pharmacist
27,Art,Photographer
21,Teaching,Scientist
44,Travel,Accountant
18,Teaching,Lawyer
52,Cooking,Chef
56,Medicine,Doctor
30,Cooking,Pilot
50,Teaching,Civil Engineer
38,Art,Journalist
55,Business,Social Worker
40,Teaching,Electrical Engineer
48,Travel,Mathematician
24,Teaching,Chef
54,Music,AI Engineer
22,Music,Scientist
58,Construction,Mathematician
44,Sports,Accountant
42,Science,Economist
60,Sports,Nurse
40,Sports,Software Engineer
46,Photography,Mechanical Engineer
52,Technology,Photographer
37,Aviation,AI Engineer
24,Business,Entrepreneur
34,Art,Social Worker
39,Medicine,Mathematician
43,Photography,Marketing Manager
52,Gaming,Cybersecurity Specialist
55,Mathematics,Chef
46,Robotics,Nurse
30,Business,Photographer
34,Music,Entrepreneur
36,Law,Doctor
28,Sports,Musician
31,Aviation,Pharmacist
55,Robotics,Cybersecurity Specialist
26,Aviation,Mathematician
25,Law,Electrical Engineer
26,Law,Social Worker
23,Art,AI Engineer
27,Photography,Lawyer
36,Robotics,Teacher
51,Travel,Marketing Manager
55,Art,Accountant
43,Aviation,Musician
24,Law,Software Engineer
42,Law,Graphic Designer
50,Travel,Social Worker
23,Technology,Accountant
18,Medicine,Mechanical Engineer
46,Business,Nurse
60,Gaming,Journalist
32,Mathematics,Data Scientist
19,Business,Architect
22,Robotics,Lawyer
47,Science,Lawyer
59,Mathematics,Architect
45,Robotics,Pilot
29,Robotics,Pilot
58,Teaching,Photographer
50,Business,Graphic Designer
19,Sports,Doctor
42,Sports,Lawyer
19,Law,Social Worker
33,Science,Cybersecurity Specialist
46,Science,Journalist
26,Science,Musician
45,Cooking,Social Worker
51,Teaching,Cybersecurity Specialist
26,Photography,Chef
29,Travel,Nurse
51,Law,Game Developer
29,Photography,Civil Engineer
38,Teaching,Chef
51,Photography,Entrepreneur
42,Construction,Actor
35,Medicine,Robotics Engineer
46,Construction,Teacher
20,Travel,Musician
38,Gaming,Pilot
53,Sports,Entrepreneur
27,Construction,Doctor
60,Robotics,Biologist
35,Science,Social Worker
59,Gaming,Pharmacist
32,Science,Pilot
41,Robotics,Pilot
51,Law,Musician
57,Art,Marketing Manager
40,Sports,Teacher
18,Law,Pilot
28,Cooking,Actor
49,Gaming,Architect
26,Construction,Scientist
46,Technology,Musician
42,Aviation,Electrical Engineer
31,Gaming,Data Scientist
39,Technology,Photographer
19,Science,Mathematician
57,Robotics,Mechanical Engineer
58,Sports,Nurse
60,Aviation,Robotics Engineer
54,Gaming,Marketing Manager
54,Robotics,Software Engineer
54,Teaching,Musician
28,Business,Musician
29,Music,Astronomer
54,Sports,Accountant
23,Art,Pilot
47,Construction,Accountant
50,Art,AI Engineer
36,Music,Entrepreneur
55,Mathematics,Mechanical Engineer
35,Art,Economist
29,Technology,Civil Engineer
43,Cooking,Musician
59,Teaching,Mathematician
20,Aviation,Mathematician
53,Robotics,Electrical Engineer
36,Aviation,Mechanical Engineer
36,Photography,Economist
60,Robotics,AI Engineer
60,Robotics,Marketing Manager
53,Gaming,Game Developer
33,Medicine,Robotics Engineer
60,Photography,Architect
22,Construction,Electrical Engineer
44,Construction,Biologist
21,Robotics,Robotics Engineer
39,Cooking,Accountant
23,Technology,Robotics Engineer
58,Gaming,Pilot
34,Science,Musician
60,Science,Game Developer
21,Sports,Pilot
56,Photography,Graphic Designer
41,Art,Teacher
47,Medicine,Actor
19,Sports,Cybersecurity Specialist
56,Construction,Journalist
54,Aviation,AI Engineer
46,Construction,Entrepreneur
54,Art,Economist
54,Mathematics,Cybersecurity Specialist
47,Art,Civil Engineer
46,Construction,Robotics Engineer
37,Law,Game Developer
39,Sports,Game Developer
32,Music,Electrical Engineer
32,Cooking,Mechanical Engineer
31,Aviation,Musician
27,Aviation,Mathematician
56,Gaming,Chef
33,Technology,Chef
48,Teaching,Cybersecurity Specialist
45,Photography,Journalist
27,Robotics,Scientist
55,Travel,Journalist
46,Law,Cybersecurity Specialist
21,Travel,Photographer
53,Science,Mechanical Engineer
48,Art,Journalist
53,Teaching,Economist
56,Art,Social Worker
50,Photography,Graphic Designer
35,Robotics,Entrepreneur
56,Mathematics,Cybersecurity Specialist
55,Aviation,Civil Engineer
19,Law,Entrepreneur
60,Medicine,Software Engineer
44,Cooking,Marketing Manager
50,Cooking,Architect
18,Construction,Doctor
52,Sports,Marketing Manager
36,Photography,Architect
20,Music,Biologist
48,Aviation,Data Scientist
47,Medicine,Journalist
58,Teaching,Economist
29,Construction,Robotics Engineer
56,Music,Game Developer
18,Travel,Marketing Manager
44,Medicine,Social Worker
55,Photography,Game Developer
30,Art,Doctor
24,Medicine,Biologist
36,Medicine,Mathematician
47,Construction,Scientist
43,Photography,Architect
51,Music,Game Developer
27,Law,Lawyer
59,Aviation,Data Scientist
41,Law,Robotics Engineer
37,Mathematics,Musician
21,Cooking,Civil Engineer
40,Science,Civil Engineer
45,Technology,Electrical Engineer
55,Gaming,Software Engineer
56,Science,Game Developer
24,Mathematics,Entrepreneur
58,Photography,Accountant
58,Science,Entrepreneur
35,Cooking,Architect
34,Cooking,Photographer
47,Gaming,Mathematician
36,Mathematics,Doctor
57,Technology,Accountant
20,Construction,Pilot
26,Teaching,Cybersecurity Specialist
33,Science,Civil Engineer
24,Art,Photographer
56,Mathematics,Lawyer
44,Robotics,Nurse
21,Aviation,Civil Engineer
25,Teaching,Journalist
56,Medicine,Economist
52,Aviation,Electrical Engineer
52,Music,Architect
50,Business,Photographer
38,Technology,Economist
29,Sports,Biologist
39,Cooking,Cybersecurity Specialist
54,Music,AI Engineer
58,Mathematics,Software Engineer
29,Technology,Doctor
22,Gaming,Electrical Engineer
19,Mathematics,Astronomer
45,Medicine,Electrical Engineer
19,Music,Photographer
33,Construction,Robotics Engineer
52,Music,Social Worker
28,Science,Chef
22,Art,Pilot
56,Robotics,Astronomer
31,Science,Scientist
39,Technology,Lawyer
48,Construction,Entrepreneur
38,Mathematics,Pilot
42,Sports,AI Engineer
42,Gaming,Social Worker
42,Photography,Graphic Designer
29,Medicine,Teacher
44,Gaming,Journalist
19,Construction,AI Engineer
36,Mathematics,Actor
56,Medicine,Photographer
24,Technology,Chef
22,Cooking,Social Worker
20,Aviation,Teacher
58,Mathematics,Astronomer
46,Photography,Electrical Engineer
57,Photography,Chef
45,Science,Cybersecurity Specialist
56,Business,Robotics Engineer
51,Mathematics,Mathematician
28,Travel,Journalist
57,Travel,Mathematician
32,Aviation,AI Engineer
56,Robotics,Journalist
56,Sports,Marketing Manager
25,Cooking,Musician
57,Medicine,Pharmacist
38,Construction,Architect
39,Construction,Accountant
38,Teaching,Pharmacist
32,Science,Entrepreneur
23,Mathematics,AI Engineer
54,Teaching,Chef
36,Construction,Accountant
50,Science,Entrepreneur
18,Gaming,Electrical Engineer
58,Cooking,Economist
43,Teaching,Civil Engineer
47,Sports,AI Engineer
39,Aviation,Pilot
56,Business,Nurse
33,Photography,Doctor
33,Travel,Pharmacist
43,Travel,Mathematician
43,Sports,Data Scientist
20,Sports,Software Engineer
36,Cooking,AI Engineer
27,Art,Doctor
40,Business,Software Engineer
28,Art,Civil Engineer
19,Gaming,Chef
45,Technology,Graphic Designer
59,Photography,Electrical Engineer
44,Art,AI Engineer
23,Technology,Marketing Manager
22,Teaching,Scientist
50,Medicine,Pharmacist
42,Sports,Software Engineer
38,Photography,Game Developer
46,Business,Robotics Engineer
50,Medicine,Game Developer
21,Travel,Robotics Engineer
33,Business,Cybersecurity Specialist
25,Aviation,Nurse
46,Construction,Doctor
18,Photography,Mechanical Engineer
45,Gaming,Scientist
55,Aviation,Pharmacist
53,Aviation,Biologist
44,Music,Teacher
50,Law,Software Engineer
32,Photography,Game Developer
21,Gaming,Robotics Engineer
56,Technology,Architect
39,Medicine,Nurse
31,Teaching,Photographer
58,Business,AI Engineer
28,Robotics,Chef
32,Construction,Entrepreneur
60,Music,Robotics Engineer
41,Sports,Journalist
30,Photography,Teacher
38,Robotics,Cybersecurity Specialist
31,Art,Journalist
55,Law,Cybersecurity Specialist
41,Gaming,Journalist
23,Science,Mathematician
34,Robotics,Doctor
23,Sports,Scientist
38,Music,Biologist
25,Music,Chef
54,Gaming,Teacher
39,Mathematics,AI Engineer
25,Science,Chef
32,Aviation,Pharmacist
45,Medicine,Mechanical Engineer
54,Mathematics,Electrical Engineer
29,Construction,Nurse
52,Medicine,Biologist
31,Robotics,Entrepreneur
43,Science,Musician
40,Construction,Graphic Designer
58,Robotics,Cybersecurity Specialist
58,Music,Nurse
53,Robotics,Scientist
50,Robotics,Teacher
53,Construction,Chef
31,Cooking,Architect
20,Music,Cybersecurity Specialist
33,Cooking,Marketing Manager
22,Science,Biologist
46,Music,AI Engineer
46,Mathematics,Scientist
57,Travel,Nurse
38,Aviation,Musician
60,Business,Lawyer
40,Photography,Mathematician
46,Technology,Actor
49,Music,Economist
58,Science,Nurse
51,Law,Actor
54,Law,Graphic Designer
53,Teaching,Mechanical Engineer
41,Travel,Graphic Designer
34,Aviation,Biologist
37,Teaching,Architect
44,Gaming,Mechanical Engineer
28,Music,Photographer
38,Art,Scientist
19,Law,Software Engineer
60,Robotics,Accountant
54,Teaching,Cybersecurity Specialist
52,Science,Cybersecurity Specialist
56,Construction,Civil Engineer
39,Photography,Graphic Designer
19,Law,Musician
18,Teaching,Architect
44,Art,Civil Engineer
32,Teaching,Robotics Engineer
47,Gaming,AI Engineer
37,Construction,Scientist
46,Art,Biologist
58,Aviation,Mechanical Engineer
35,Travel,Pharmacist
29,Technology,Teacher
20,Construction,Entrepreneur
43,Photography,AI Engineer
52,Gaming,Social Worker
24,Music,Marketing Manager
19,Aviation,Astronomer
56,Robotics,Graphic Designer
27,Technology,Doctor
36,Science,Mathematician
22,Mathematics,Biologist
19,Technology,AI Engineer
32,Construction,Astronomer
60,Construction,Musician
30,Medicine,Doctor
28,Photography,Mechanical Engineer
24,Robotics,Game Developer
22,Photography,Robotics Engineer
36,Construction,Teacher
29,Construction,Actor
55,Science,Chef
46,Travel,Cybersecurity Specialist
50,Cooking,Social Worker
45,Photography,Civil Engineer
53,Art,Pharmacist
22,Travel,Social Worker
24,Robotics,Architect
24,Sports,Scientist
45,Construction,Entrepreneur
53,Aviation,Lawyer
39,Art,Scientist
46,Technology,Doctor
43,Technology,Lawyer
50,Science,Scientist
47,Aviation,Civil Engineer
47,Sports,Lawyer
56,Sports,Marketing Manager
32,Aviation,Social Worker
35,Law,Social Worker
33,Sports,Accountant
20,Law,Robotics Engineer
42,Travel,Lawyer
45,Business,Data Scientist
29,Teaching,Doctor
24,Photography,Teacher
33,Mathematics,Marketing Manager
20,Construction,Biologist
46,Teaching,Civil Engineer
24,Gaming,Biologist
24,Photography,Data Scientist
52,Mathematics,Teacher
60,Medicine,Marketing Manager
57,Law,Accountant
23,Construction,Teacher
60,Mathematics,Pharmacist
33,Music,Software Engineer
47,Art,Civil Engineer
49,Gaming,Biologist
56,Construction,Chef
47,Law,Graphic Designer
52,Construction,Lawyer
35,Art,Nurse
60,Aviation,Teacher
47,Teaching,Musician
18,Law,Accountant
60,Gaming,Pharmacist
26,Business,Chef
52,Cooking,Astronomer
55,Business,Robotics Engineer
26,Photography,Accountant
25,Photography,Economist
21,Construction,Mechanical Engineer
59,Medicine,Lawyer
54,Cooking,Accountant
25,Gaming,Entrepreneur
37,Mathematics,Robotics Engineer
22,Law,Game Developer
30,Robotics,Software Engineer
55,Law,AI Engineer
51,Science,Pharmacist
59,Teaching,Economist
40,Aviation,Pilot
48,Law,Cybersecurity Specialist
26,Music,Social Worker
40,Music,Marketing Manager
42,Photography,Electrical Engineer
49,Gaming,Doctor
40,Science,Pharmacist
39,Mathematics,Scientist
25,Mathematics,Pharmacist
50,Art,Astronomer
60,Technology,Chef
39,Law,Mathematician
45,Cooking,Economist
53,Teaching,Chef
42,Aviation,Pharmacist
54,Medicine,Cybersecurity Specialist
54,Teaching,Economist
33,Medicine,Lawyer
33,Gaming,Social Worker
45,Music,Mathematician
33,Photography,Entrepreneur
33,Art,Scientist
41,Law,Teacher
45,Gaming,Software Engineer
23,Sports,Doctor
55,Technology,AI Engineer
23,Robotics,Pilot
31,Science,Mathematician
19,Construction,Architect
59,Robotics,Cybersecurity Specialist
41,Technology,Pilot
55,Art,Pharmacist
22,Travel,Astronomer
18,Science,Scientist
32,Business,Pharmacist
44,Music,Entrepreneur
25,Business,Social Worker
18,Science,Graphic Designer
40,Mathematics,Doctor
31,Medicine,Software Engineer
42,Art,Entrepreneur
35,Mathematics,Cybersecurity Specialist
59,Photography,Scientist
51,Law,Electrical Engineer
19,Business,Architect
44,Construction,Actor
27,Construction,Mathematician
28,Medicine,Graphic Designer
39,Teaching,Software Engineer
55,Gaming,Pharmacist
51,Teaching,Actor
59,Gaming,Marketing Manager
44,Construction,Actor
26,Music,Lawyer
50,Sports,AI Engineer
19,Construction,Social Worker
30,Medicine,Doctor
36,Business,Lawyer
29,Construction,Electrical Engineer
32,Travel,Civil Engineer
50,Business,Data Scientist
29,Sports,Economist
23,Teaching,Architect
19,Construction,Journalist
36,Law,Civil Engineer
37,Robotics,Entrepreneur
38,Medicine,Economist
52,Travel,Entrepreneur
24,Science,Entrepreneur
37,Photography,Nurse
59,Robotics,Journalist
59,Art,Economist
58,Business,Accountant
46,Art,Pilot
58,Aviation,Actor
47,Cooking,Pilot
35,Sports,Marketing Manager
25,Law,Economist
30,Robotics,Astronomer
55,Construction,Social Worker
30,Medicine,Graphic Designer
19,Construction,Teacher
46,Photography,Economist
22,Gaming,Scientist
19,Construction,Mathematician
26,Art,Accountant
37,Teaching,Doctor
39,Construction,Marketing Manager
30,Teaching,Data Scientist
47,Business,Pilot
59,Art,Pharmacist
20,Teaching,Entrepreneur
57,Art,Scientist
54,Medicine,Scientist
34,Gaming,Actor
27,Business,Pharmacist
41,Teaching,Actor
24,Construction,Photographer
58,Business,Electrical Engineer
55,Cooking,Scientist
49,Business,Teacher
36,Cooking,Teacher
44,Cooking,Social Worker
31,Robotics,Actor
23,Music,Musician
52,Music,Data Scientist
43,Travel,Marketing Manager
31,Aviation,Marketing Manager
30,Business,Economist
48,Travel,Mathematician
57,Technology,Marketing Manager
41,Gaming,AI Engineer
58,Travel,Doctor
27,Mathematics,Game Developer
23,Business,Mathematician
18,Cooking,Musician
43,Travel,Actor
41,Medicine,Pharmacist
23,Travel,Mechanical Engineer
23,Photography,Mathematician
21,Art,Journalist
23,Art,Actor
44,Business,Game Developer
57,Cooking,Musician
52,Law,Musician
18,Travel,Mathematician
53,Art,Entrepreneur
46,Business,Pharmacist
21,Robotics,Software Engineer
37,Teaching,AI Engineer
58,Technology,Social Worker
39,Technology,Game Developer
29,Music,Architect
24,Travel,Software Engineer
39,Robotics,Accountant
36,Law,Pharmacist
30,Technology,Cybersecurity Specialist
30,Law,Mechanical Engineer
58,Music,Software Engineer
27,Music,Civil Engineer
41,Teaching,Economist
30,Cooking,Robotics Engineer
38,Mathematics,Chef
53,Travel,Robotics Engineer
53,Business,Accountant
48,Cooking,Electrical Engineer
31,Robotics,Software Engineer
54,Cooking,Civil Engineer
27,Art,Game Developer
49,Sports,Scientist
21,Sports,Entrepreneur
29,Gaming,Software Engineer
57,Teaching,Robotics Engineer
27,Photography,Architect
33,Law,Journalist
28,Science,Cybersecurity Specialist
45,Music,Mechanical Engineer
39,Construction,Cybersecurity Specialist
59,Business,Teacher
35,Business,Doctor
51,Gaming,Mathematician
54,Business,Musician
21,Music,Marketing Manager
49,Cooking,Chef
42,Travel,Civil Engineer
59,Business,Pilot
21,Gaming,Game Developer
58,Photography,Musician
21,Teaching,Doctor
30,Teaching,Chef
21,Art,AI Engineer
53,Mathematics,Software Engineer
29,Law,Doctor
44,Travel,Graphic Designer
42,Science,Nurse
20,Music,Graphic Designer
28,Technology,Photographer
40,Photography,Lawyer
56,Photography,Entrepreneur
32,Music,Social Worker
35,Gaming,Game Developer
51,Science,Astronomer
51,Robotics,Biologist
35,Technology,Scientist
47,Music,Mathematician
58,Mathematics,Civil Engineer
32,Robotics,Journalist
20,Aviation,Architect
42,Music,Economist
53,Travel,Scientist
29,Aviation,Social Worker
30,Cooking,Musician
60,Robotics,Doctor
36,Science,Software Engineer
36,Business,Graphic Designer
58,Aviation,Pilot
29,Photography,Architect
26,Sports,Game Developer
39,Aviation,Pharmacist
32,Technology,Mathematician
48,Aviation,Game Developer
35,Photography,Mechanical Engineer
35,Music,Mathematician
29,Business,Chef
33,Teaching,Pharmacist
